"Submission ID","Last updated","Submission started","Status","Current step","How old are you?","What is your gender?","What is your department?","What is your current academic grade?","Where do you currently live?","Where do you prefer to study the most?","What is your GPA?","On average, how many hours of sleep do you get per night?","On average, how many hours per week do you spend on sports or physical activities?(Please enter a number)","How many cigarettes do you smoke on average per day?(If you don't smoke, please put 0)","How many cups of coffee do you drink per day?(Please enter a number)","Please rate your department satisfaction","What are the biggest obstacles to your academic and/or professional development?","How long do you expect it will take you to find a job after graduation?","Do you plan to pursue further education after graduation?","What type of work arrangement do you prefer after graduation?","Where do you plan to work after graduation?","Do you plan to work in the public sector or the private sector after graduation?","Do you plan to work in your department’s field or in a different sector after graduation?","In which city would you like to work after graduation?","What is your expected monthly salary after graduation? (in thousands of Turkish Liras, e.g., 30 for 30.000 TRY)","Errors","Url","Network ID"
"8b7f0ba8-5dba-4aba-8817-f29a02b5b0cf","Fri Dec 13 2024 16:46:00 GMT+0300 (Arabian Standard Time)","Fri Dec 13 2024 16:26:00 GMT+0300 (Arabian Standard Time)","finished","Ending","19","Female","Electrical and Electronics Engineering
","2","On-campus","Study room or Cafe in campus","3.01-3.50","Between 6-7 hours","6","0","1","8","Hostile Student Environment
Unsupportive Family","0-3 Months","Yes, I plan to pursue a Master's degree.","Face-to-face","Abroad","Academy","Department's field sector","Boston","350","None","https://build.fillout.com/editor/kketM7hZoEus/results?sessionId=8b7f0ba8-5dba-4aba-8817-f29a02b5b0cf","664a83ca65e8cde8e0e30fb4cad0ecdf"
"af5a5a42-bb5d-424d-8075-e7b7b50d7829","Fri Dec 13 2024 16:46:00 GMT+0300 (Arabian Standard Time)","Fri Dec 13 2024 16:37:00 GMT+0300 (Arabian Standard Time)","finished","Ending","20","Prefer not to say","Electrical and Electronics Engineering
","2","On-campus","In the dorm 
","3.51-4.00","Between 7-8 hours
","0","10","2","1","professors and capitalism","0-3 Months","Yes, I plan to pursue a Master's degree.","Face-to-face","Abroad","Private Sector","Department's field sector","Eindhoven","200","None","https://build.fillout.com/editor/kketM7hZoEus/results?sessionId=af5a5a42-bb5d-424d-8075-e7b7b50d7829","3e17c48648ea3cfaae7f501a8386f297"
"9357a64b-150f-4b41-bf88-1c12158155d9","Fri Dec 13 2024 16:33:00 GMT+0300 (Arabian Standard Time)","Fri Dec 13 2024 16:28:00 GMT+0300 (Arabian Standard Time)","finished","Ending","27","Male
","Computer Engineering","4","Other","Other","I don't have a GPA yet","More than 9 hours","-10","0","23","1","Me","0-3 Months","No, I do not plan to pursue further education.","Remote","Not sure yet","Academy","Different sector","82","100000000","None","https://build.fillout.com/editor/kketM7hZoEus/results?sessionId=9357a64b-150f-4b41-bf88-1c12158155d9","48a8b9a72c3d83f279d02154263e8a6a"
"b1aabcae-a52a-4773-9934-cd7e9a282867","Fri Dec 13 2024 16:28:00 GMT+0300 (Arabian Standard Time)","Fri Dec 13 2024 16:24:00 GMT+0300 (Arabian Standard Time)","finished","Ending","23","Male
","Computer Engineering","4","Student House","Study room or Cafe in campus","3.01-3.50","Between 6-7 hours","4","4","2","7","turkiye","0-3 Months","No, I do not plan to pursue further education.","Hybrid","Open to both
","Private Sector","Department's field sector","it depends","100000","None","https://build.fillout.com/editor/kketM7hZoEus/results?sessionId=b1aabcae-a52a-4773-9934-cd7e9a282867","5acefc3da2bcd4704e9b857af56f7f61"
"739eb4c3-fc5a-46a0-8abd-962132ec59d4","Fri Dec 13 2024 16:27:00 GMT+0300 (Arabian Standard Time)","Fri Dec 13 2024 16:24:00 GMT+0300 (Arabian Standard Time)","finished","Ending","24","Male
","Civil Engineering","2","Other","Other","0-2.00","Between 6-7 hours","2","15","1","7","Probation ","3-6 Months","No, I do not plan to pursue further education.","Face-to-face","Turkey","Academy","Different sector","Sea sides","60000","None","https://build.fillout.com/editor/kketM7hZoEus/results?sessionId=739eb4c3-fc5a-46a0-8abd-962132ec59d4","a2c0703307893c86e2772d8b67524a33"
"3d544dab-0e7b-487a-96a3-30171fec1d67","Fri Dec 13 2024 16:27:00 GMT+0300 (Arabian Standard Time)","Fri Dec 13 2024 16:24:00 GMT+0300 (Arabian Standard Time)","finished","Ending","23","Male
","Computer Engineering","4","On-campus","Study room or Cafe in campus","3.51-4.00","Between 7-8 hours
","14","0","1","8","Some classes are a bit hard, and requires too much unnecessary work.","0-3 Months","I am considering further education but haven’t decided yet.","Hybrid","Open to both
","Private Sector","Department's field sector","İzmir","80000","None","https://build.fillout.com/editor/kketM7hZoEus/results?sessionId=3d544dab-0e7b-487a-96a3-30171fec1d67","0e9b2241cc69ec6fcdafe604d4de1e65"
"f7fdad92-a505-4425-a90c-42cb5c9ca80c","Fri Dec 13 2024 16:27:00 GMT+0300 (Arabian Standard Time)","Fri Dec 13 2024 16:23:00 GMT+0300 (Arabian Standard Time)","finished","Ending","23","Male
","Mechanical Engineering
","4","With family
","At home","3.51-4.00","Less than 5 hours
","1","0","5","2","Özgür Bayer","0-3 Months","Yes, I plan to pursue a Master's degree.","Face-to-face","Open to both
","Not sure yet","Department's field sector","Ankara, Munich","150","None","https://build.fillout.com/editor/kketM7hZoEus/results?sessionId=f7fdad92-a505-4425-a90c-42cb5c9ca80c","5ce2138744112d09ecf252f80eccf5db"
"06ba7c7b-5125-48f1-8923-6624533c3838","Fri Dec 13 2024 16:10:00 GMT+0300 (Arabian Standard Time)","Fri Dec 13 2024 16:07:00 GMT+0300 (Arabian Standard Time)","finished","Ending","19","Female","Metallurgical and Materials Engineering
","1","With family
","At home","I don't have a GPA yet","Between 6-7 hours","4","0","3","7","Technology addiction, hard lectures and lack of self-confidence","0-3 Months","I am considering further education but haven’t decided yet.","Hybrid","Abroad","Not sure yet","Department's field sector","Berlin ","75","None","https://build.fillout.com/editor/kketM7hZoEus/results?sessionId=06ba7c7b-5125-48f1-8923-6624533c3838","46731fd0ed10bf24be4a319f30b38bc3"
"dd08c744-9840-44af-8346-c5a12b682d2c","Fri Dec 13 2024 15:38:00 GMT+0300 (Arabian Standard Time)","Fri Dec 13 2024 15:34:00 GMT+0300 (Arabian Standard Time)","finished","Ending","21","Male
","Mechanical Engineering
","3","With family
","Study room or Cafe in campus","3.01-3.50","Between 7-8 hours
","0","0","0","8","Homeworks and hard works","0-3 Months","Yes, I plan to pursue a Master's degree.","Hybrid","Turkey","Private Sector","Department's field sector","Ankara","65","None","https://build.fillout.com/editor/kketM7hZoEus/results?sessionId=dd08c744-9840-44af-8346-c5a12b682d2c","7f39dd3f604bfd89d91a36109dda7401"
"2e1a8f14-5efa-49d9-ad29-873840a84f2a","Fri Dec 13 2024 15:27:00 GMT+0300 (Arabian Standard Time)","Fri Dec 13 2024 15:23:00 GMT+0300 (Arabian Standard Time)","finished","Ending","21","Male
","Metallurgical and Materials Engineering
","2","On-campus","In the library","2.51-3.00","Between 5-6 hours","10","0","2","10","metu","0-3 Months","I am considering further education but haven’t decided yet.","Hybrid","Open to both
","Private Sector","Department's field sector","ankara","35","None","https://build.fillout.com/editor/kketM7hZoEus/results?sessionId=2e1a8f14-5efa-49d9-ad29-873840a84f2a","06a76c20817ab0d8db2294cc1d53d1ec"
"45bd6868-6dce-4297-a464-53fbe5d8ffe2","Fri Dec 13 2024 15:27:00 GMT+0300 (Arabian Standard Time)","Fri Dec 13 2024 15:23:00 GMT+0300 (Arabian Standard Time)","finished","Ending","24","Male
","Metallurgical and Materials Engineering
","2","Student House","In the library","2.01-2.50","Between 5-6 hours","1","40","5","8","","0-3 Months","No, I do not plan to pursue further education.","Hybrid","Open to both
","Private Sector","Different sector","Ankara","55","None","https://build.fillout.com/editor/kketM7hZoEus/results?sessionId=45bd6868-6dce-4297-a464-53fbe5d8ffe2","d2440e4dae5e8bb7577670c749828d65"
"59c13e9e-cea9-41a1-bb95-5a6808bce27a","Fri Dec 13 2024 15:26:00 GMT+0300 (Arabian Standard Time)","Fri Dec 13 2024 15:23:00 GMT+0300 (Arabian Standard Time)","finished","Ending","22","Male
","Chemical Engineering
","2","On-campus","In the dorm 
","3.01-3.50","Between 5-6 hours","5","8","2","7","Lack of motivation","0-3 Months","Yes, I plan to pursue a Master's degree.","Face-to-face","Abroad","Not sure yet","Department's field sector","Ankara or Stockholm","90","None","https://build.fillout.com/editor/kketM7hZoEus/results?sessionId=59c13e9e-cea9-41a1-bb95-5a6808bce27a","2a44992d133f7437204e45e273da215b"
"251cd48f-911a-4b9c-9241-56915877efc5","Fri Dec 13 2024 15:26:00 GMT+0300 (Arabian Standard Time)","Fri Dec 13 2024 15:22:00 GMT+0300 (Arabian Standard Time)","finished","Ending","22","Male
","Electrical and Electronics Engineering
","4","With family
","In the library","2.51-3.00","Between 6-7 hours","4","0","2","7","studies to exam, homework and lab frequently","0-3 Months","I am considering further education but haven’t decided yet.","Face-to-face","Turkey","Private Sector","Different sector","Ankara","80","None","https://build.fillout.com/editor/kketM7hZoEus/results?sessionId=251cd48f-911a-4b9c-9241-56915877efc5","26b6eb260f0d160796bd813e0eb701d7"
"6b8b485c-210c-4b4e-81a0-9b1927b0b5ab","Fri Dec 13 2024 15:25:00 GMT+0300 (Arabian Standard Time)","Fri Dec 13 2024 15:22:00 GMT+0300 (Arabian Standard Time)","finished","Ending","22","Female","Electrical and Electronics Engineering
","4","Private Dormitory","In the library","2.51-3.00","Between 6-7 hours","0","7","3","5","learnin pace","0-3 Months","I am considering further education but haven’t decided yet.","Face-to-face","Open to both
","Private Sector","Department's field sector","ankara","70","None","https://build.fillout.com/editor/kketM7hZoEus/results?sessionId=6b8b485c-210c-4b4e-81a0-9b1927b0b5ab","e37217cb26e989a2a3d6cc0163f86b1e"
"b7e745b9-f203-445a-8c71-31d9cd6576dc","Fri Dec 13 2024 15:24:00 GMT+0300 (Arabian Standard Time)","Fri Dec 13 2024 15:21:00 GMT+0300 (Arabian Standard Time)","finished","Ending","20","Female","Food Engineering
","1","With family
","In the library","0-2.00","Between 6-7 hours","0","7","3","3","","0-3 Months","I am considering further education but haven’t decided yet.","Face-to-face","Turkey","Not sure yet","Not sure yet","Ankara","70000","None","https://build.fillout.com/editor/kketM7hZoEus/results?sessionId=b7e745b9-f203-445a-8c71-31d9cd6576dc","32890ee620fb75bbf5f82cc24ae719c9"
"bdfccb9c-51f5-476f-ab0a-91305c52ed11","Fri Dec 13 2024 15:24:00 GMT+0300 (Arabian Standard Time)","Fri Dec 13 2024 15:21:00 GMT+0300 (Arabian Standard Time)","finished","Ending","23","Male
","Metallurgical and Materials Engineering
","3","With family
","In the library","2.51-3.00","Between 6-7 hours","7","0","1","7","Economik sıkıntılar","0-3 Months","Yes, I plan to pursue a Master's degree.","Face-to-face","Turkey","Private Sector","Not sure yet","Ankara","55000","None","https://build.fillout.com/editor/kketM7hZoEus/results?sessionId=bdfccb9c-51f5-476f-ab0a-91305c52ed11","0c93e7d74b132dbc33df7abe54379497"
"a8c9174b-2c43-41f5-b7ce-ee82d66959cb","Fri Dec 13 2024 15:24:00 GMT+0300 (Arabian Standard Time)","Fri Dec 13 2024 15:21:00 GMT+0300 (Arabian Standard Time)","finished","Ending","22","Male
","Metallurgical and Materials Engineering
","2","With family
","In the library","3.01-3.50","Between 6-7 hours","0","0","0","8","always doing tasks and having 2 midterms and a final","3-6 Months","I am considering further education but haven’t decided yet.","Face-to-face","Open to both
","Not sure yet","Department's field sector","ankara or europe","100000","None","https://build.fillout.com/editor/kketM7hZoEus/results?sessionId=a8c9174b-2c43-41f5-b7ce-ee82d66959cb","ae628cedff0eef1674f882eee46d518f"
"e2bad461-9cb6-4045-b469-0255554c36c5","Fri Dec 13 2024 15:23:00 GMT+0300 (Arabian Standard Time)","Fri Dec 13 2024 15:18:00 GMT+0300 (Arabian Standard Time)","finished","Ending","22","Female","Aerospace Engineering
","2","On-campus","In the library","2.01-2.50","Between 7-8 hours
","1","0","5","7","Dersler çok yoğun ","0-3 Months","I am considering further education but haven’t decided yet.","Face-to-face","Open to both
","Not sure yet","Department's field sector","Ankara ","50000","None","https://build.fillout.com/editor/kketM7hZoEus/results?sessionId=e2bad461-9cb6-4045-b469-0255554c36c5","dcb43da1187d91cebfd02dc50c32eeaf"
"bf1deea9-6206-422a-9421-af0805429ca5","Fri Dec 13 2024 15:20:00 GMT+0300 (Arabian Standard Time)","Fri Dec 13 2024 15:18:00 GMT+0300 (Arabian Standard Time)","finished","Ending","19","Male
","Electrical and Electronics Engineering
","1","On-campus","In the library","I don't have a GPA yet","Between 6-7 hours","0","10","2","5","No obstacles","3-6 Months","I am considering further education but haven’t decided yet.","Hybrid","Abroad","Private Sector","Department's field sector","New York ","70","None","https://build.fillout.com/editor/kketM7hZoEus/results?sessionId=bf1deea9-6206-422a-9421-af0805429ca5","89b14d6af3577267b008f850c87e187e"
"ec7c97d1-7bd7-4ca8-8ae2-db8bed707986","Fri Dec 13 2024 15:19:00 GMT+0300 (Arabian Standard Time)","Fri Dec 13 2024 15:17:00 GMT+0300 (Arabian Standard Time)","finished","Ending","21","Male
","Metallurgical and Materials Engineering
","2","With family
","At home","2.51-3.00","Between 7-8 hours
","3","20","5","9","No obstacles","0-3 Months","Yes, I plan to pursue a Master's degree.","Face-to-face","Abroad","Private Sector","Not sure yet","London","80000","None","https://build.fillout.com/editor/kketM7hZoEus/results?sessionId=ec7c97d1-7bd7-4ca8-8ae2-db8bed707986","388e453853fb35af38b76aa31e12dde4"
"d50a5839-05cc-4a34-b0b4-38edd875caf6","Fri Dec 13 2024 15:19:00 GMT+0300 (Arabian Standard Time)","Fri Dec 13 2024 15:18:00 GMT+0300 (Arabian Standard Time)","finished","Ending","22","Male
","Mechanical Engineering
","2","On-campus","In the library","2.01-2.50","Between 5-6 hours","15","25","3","6","","6-12 Months
","No, I do not plan to pursue further education.","Face-to-face","Open to both
","Not sure yet","Department's field sector","Ankara","50000","None","https://build.fillout.com/editor/kketM7hZoEus/results?sessionId=d50a5839-05cc-4a34-b0b4-38edd875caf6","623ce1fa1cce7a84bfb0300550eb8a63"
"914258e2-bf90-449d-af12-d7091b4637d1","Fri Dec 13 2024 15:19:00 GMT+0300 (Arabian Standard Time)","Fri Dec 13 2024 15:17:00 GMT+0300 (Arabian Standard Time)","finished","Ending","22","Female","Metallurgical and Materials Engineering
","2","On-campus","In the library","0-2.00","More than 9 hours","3","10","5","7","MONEY","0-3 Months","Yes, I plan to pursue a Master's degree.","Hybrid","Open to both
","Not sure yet","Different sector","ankara","100000","None","https://build.fillout.com/editor/kketM7hZoEus/results?sessionId=914258e2-bf90-449d-af12-d7091b4637d1","27e8caa842bd364f4b492885ed5fe6d9"
"691b370a-1eda-4de2-bea9-e18abaa08c66","Fri Dec 13 2024 15:19:00 GMT+0300 (Arabian Standard Time)","Fri Dec 13 2024 15:16:00 GMT+0300 (Arabian Standard Time)","finished","Ending","20","Female","Electrical and Electronics Engineering
","3","On-campus","In the library","2.01-2.50","Between 5-6 hours","4","0","4","10","My bad sleep habit and study style. İ couldn't find the best style yet","0-3 Months","I am considering further education but haven’t decided yet.","Face-to-face","Open to both
","Private Sector","Department's field sector","Ankara","60","None","https://build.fillout.com/editor/kketM7hZoEus/results?sessionId=691b370a-1eda-4de2-bea9-e18abaa08c66","a6c42bab948247729d5ae4dda4c45cc4"
"9a6edc06-f643-4a1c-9c2b-21f82447a795","Fri Dec 13 2024 15:18:00 GMT+0300 (Arabian Standard Time)","Fri Dec 13 2024 15:15:00 GMT+0300 (Arabian Standard Time)","finished","Ending","20","Female","Mining Engineering","1","With family
","In the library","I don't have a GPA yet","Between 5-6 hours","1","1","1","5","Foreing language (english)","3-6 Months","I am considering further education but haven’t decided yet.","Face-to-face","Open to both
","Not sure yet","Not sure yet","Ankara","40000","None","https://build.fillout.com/editor/kketM7hZoEus/results?sessionId=9a6edc06-f643-4a1c-9c2b-21f82447a795","b6a449f296556ce185228c37456dd6fb"
"ae12d38f-6021-432d-9910-740d4b375388","Fri Dec 13 2024 15:18:00 GMT+0300 (Arabian Standard Time)","Fri Dec 13 2024 15:16:00 GMT+0300 (Arabian Standard Time)","finished","Ending","20","Female","Food Engineering
","1","Student House","Study room or Cafe in campus","I don't have a GPA yet","Between 6-7 hours","3","0","2","6","","6-12 Months
","Yes, I plan to pursue a Master's degree.","Hybrid","Abroad","Private Sector","Not sure yet","istanbul","40","None","https://build.fillout.com/editor/kketM7hZoEus/results?sessionId=ae12d38f-6021-432d-9910-740d4b375388","d802fd2f88b3a8a5e1d6e6a400639003"
"9e2d3500-2e7c-40cb-a738-eae4249483df","Fri Dec 13 2024 15:18:00 GMT+0300 (Arabian Standard Time)","Fri Dec 13 2024 15:14:00 GMT+0300 (Arabian Standard Time)","finished","Ending","20","Male
","Mechanical Engineering
","1","On-campus","In the library","0-2.00","Less than 5 hours
","5","40","5","2","ODTÜ","0-3 Months","I am considering further education but haven’t decided yet.","Hybrid","Not sure yet","Not sure yet","Not sure yet","3","2","None","https://build.fillout.com/editor/kketM7hZoEus/results?sessionId=9e2d3500-2e7c-40cb-a738-eae4249483df","8d37bb6d5e3aad9838a5962a0479f292"
"07e52f22-aa29-4598-ba21-fd59de3687fa","Fri Dec 13 2024 15:15:00 GMT+0300 (Arabian Standard Time)","Fri Dec 13 2024 15:12:00 GMT+0300 (Arabian Standard Time)","finished","Ending","19","Female","Aerospace Engineering
","1","On-campus","In the library","I don't have a GPA yet","Between 7-8 hours
","7","0","1","10","my feelings","0-3 Months","Yes, I plan to pursue a Master's degree.","Hybrid","Open to both
","Private Sector","Department's field sector","ankara","100","None","https://build.fillout.com/editor/kketM7hZoEus/results?sessionId=07e52f22-aa29-4598-ba21-fd59de3687fa","28d198d161b076d39c660906fa597e1c"
"25e821db-939d-49c3-a9fc-5257a19c2f6f","Fri Dec 13 2024 15:14:00 GMT+0300 (Arabian Standard Time)","Fri Dec 13 2024 15:12:00 GMT+0300 (Arabian Standard Time)","finished","Ending","20","Female","Metallurgical and Materials Engineering
","1","On-campus","In the library","I don't have a GPA yet","Between 5-6 hours","0","20","6","1","myself","0-3 Months","I am considering further education but haven’t decided yet.","Hybrid","Open to both
","Private Sector","Not sure yet","singapore","10","None","https://build.fillout.com/editor/kketM7hZoEus/results?sessionId=25e821db-939d-49c3-a9fc-5257a19c2f6f","31b3c78918c7bb146791ee7719a7f090"
"def0a4dc-8e55-4ac4-b8de-53b9c568c93c","Fri Dec 13 2024 15:06:00 GMT+0300 (Arabian Standard Time)","Fri Dec 13 2024 15:03:00 GMT+0300 (Arabian Standard Time)","finished","Ending","23","Male
","Computer Engineering","3","On-campus","Study room or Cafe in campus","2.01-2.50","Between 7-8 hours
","2","0","3","2","Bölüm","0-3 Months","No, I do not plan to pursue further education.","Hybrid","Open to both
","Private Sector","Department's field sector","Ankara ","68","None","https://build.fillout.com/editor/kketM7hZoEus/results?sessionId=def0a4dc-8e55-4ac4-b8de-53b9c568c93c","f444c7045879201a6ec0b2641c10fc80"
"b59c0a42-9d00-4504-a32a-7f35d7fe1199","Fri Dec 13 2024 15:05:00 GMT+0300 (Arabian Standard Time)","Fri Dec 13 2024 14:59:00 GMT+0300 (Arabian Standard Time)","finished","Ending","23","Male
","Civil Engineering","3","Student House","Study room or Cafe in campus","0-2.00","Between 8-9 hours","1","0","0.5","7","","0-3 Months","Yes, I plan to pursue a Master's degree.","Face-to-face","Open to both
","Not sure yet","Department's field sector","Baku","45","None","https://build.fillout.com/editor/kketM7hZoEus/results?sessionId=b59c0a42-9d00-4504-a32a-7f35d7fe1199","9a0fe1d8e99fcc85780db705c982f73a"
"3c1a2eb9-9090-4361-be97-3a33db5bb379","Fri Dec 13 2024 15:02:00 GMT+0300 (Arabian Standard Time)","Fri Dec 13 2024 14:59:00 GMT+0300 (Arabian Standard Time)","finished","Ending","22","Male
","Civil Engineering","4","On-campus","At home","2.51-3.00","Between 5-6 hours","4","0","4","10","","0-3 Months","No, I do not plan to pursue further education.","Hybrid","Not sure yet","Private Sector","Not sure yet","","","None","https://build.fillout.com/editor/kketM7hZoEus/results?sessionId=3c1a2eb9-9090-4361-be97-3a33db5bb379","85f9a8c9c6a74f7ad6e28fee06c4c762"
"a0b6d45c-7b42-473b-9fd9-204fa40cc0a4","Fri Dec 13 2024 15:01:00 GMT+0300 (Arabian Standard Time)","Fri Dec 13 2024 14:56:00 GMT+0300 (Arabian Standard Time)","finished","Ending","25","Male
","Civil Engineering","4","Student House","At home","2.51-3.00","Between 5-6 hours","0","20","3","8","","0-3 Months","Yes, I plan to pursue a Master's degree.","Face-to-face","Turkey","Academy","Department's field sector","ankara ","50","None","https://build.fillout.com/editor/kketM7hZoEus/results?sessionId=a0b6d45c-7b42-473b-9fd9-204fa40cc0a4","54677db5d2ff31d3656d531b097d8188"
"3b138498-89a0-4555-8404-16ad06fa4673","Fri Dec 13 2024 14:59:00 GMT+0300 (Arabian Standard Time)","Fri Dec 13 2024 14:55:00 GMT+0300 (Arabian Standard Time)","finished","Ending","22","Female","Civil Engineering","4","Student House","At home","2.51-3.00","Between 6-7 hours","4","1","5","7","me","3-6 Months","Yes, I plan to pursue a Master's degree.","Hybrid","Open to both
","Not sure yet","Department's field sector","either Ankara or Istanbul in the beginning","35000","None","https://build.fillout.com/editor/kketM7hZoEus/results?sessionId=3b138498-89a0-4555-8404-16ad06fa4673","8a89fe32c50f767e210ac625065373dc"
"0e18d4ea-0155-4e03-940c-d4b090c60dcc","Fri Dec 13 2024 14:58:00 GMT+0300 (Arabian Standard Time)","Fri Dec 13 2024 14:56:00 GMT+0300 (Arabian Standard Time)","finished","Ending","24","Male
","Civil Engineering","3","With family
","At home","2.51-3.00","Between 5-6 hours","1","12","2","6","","3-6 Months","No, I do not plan to pursue further education.","Face-to-face","Abroad","Private Sector","Department's field sector","Ankara","50000","None","https://build.fillout.com/editor/kketM7hZoEus/results?sessionId=0e18d4ea-0155-4e03-940c-d4b090c60dcc","b2a1f113002194ab714d63a81afa8a01"
"790b10a7-28c7-457e-8ea5-664ac530338f","Fri Dec 13 2024 14:58:00 GMT+0300 (Arabian Standard Time)","Fri Dec 13 2024 14:55:00 GMT+0300 (Arabian Standard Time)","finished","Ending","23","Female","Civil Engineering","3","On-campus","Other","2.01-2.50","Between 6-7 hours","0","0","2","6","Courses are catalog in my department ","3-6 Months","Yes, I plan to pursue a Master's degree.","Hybrid","Abroad","Private Sector","Not sure yet","Ankara","","None","https://build.fillout.com/editor/kketM7hZoEus/results?sessionId=790b10a7-28c7-457e-8ea5-664ac530338f","36125bef4d4c3c63268e3408c316187c"
"cdeb9d7b-316c-4da8-b886-569bcd18880e","Fri Dec 13 2024 14:58:00 GMT+0300 (Arabian Standard Time)","Fri Dec 13 2024 14:55:00 GMT+0300 (Arabian Standard Time)","finished","Ending","24","Male
","Civil Engineering","2","Student House","Other","2.51-3.00","Between 6-7 hours","12","0","2","8","My depression but I overcame","0-3 Months","I am considering further education but haven’t decided yet.","Face-to-face","Open to both
","Private Sector","Department's field sector","Doesn’t matter","50000","None","https://build.fillout.com/editor/kketM7hZoEus/results?sessionId=cdeb9d7b-316c-4da8-b886-569bcd18880e","54830b693aec51e7dc9d615c7834897f"
"bc093080-cee7-495b-8ae0-c178e34fc0de","Fri Dec 13 2024 14:57:00 GMT+0300 (Arabian Standard Time)","Fri Dec 13 2024 14:55:00 GMT+0300 (Arabian Standard Time)","finished","Ending","22","Female","Civil Engineering","3","On-campus","In the dorm 
","0-2.00","Between 6-7 hours","7","5","2","10","","6-12 Months
","I am considering further education but haven’t decided yet.","Hybrid","Open to both
","Private Sector","Not sure yet","ankara","75","None","https://build.fillout.com/editor/kketM7hZoEus/results?sessionId=bc093080-cee7-495b-8ae0-c178e34fc0de","d55742e6ef9cf4d4ae2ff60b8e19d304"
"837db4ee-9fd8-4b94-831e-356c1c141765","Fri Dec 13 2024 14:56:00 GMT+0300 (Arabian Standard Time)","Fri Dec 13 2024 14:54:00 GMT+0300 (Arabian Standard Time)","finished","Ending","23","Male
","Civil Engineering","3","With family
","At home","2.51-3.00","Between 7-8 hours
","2","0","0","10","Hardness of exams, transportation(school rings), exam grading","6-12 Months
","Yes, I plan to pursue a Master's degree.","Face-to-face","Abroad","Academy","Department's field sector","ankara","60","None","https://build.fillout.com/editor/kketM7hZoEus/results?sessionId=837db4ee-9fd8-4b94-831e-356c1c141765","abdc4df2460b51c05508d10f7f4721b5"
"6e5223cc-760f-40bc-9942-01ad68c09d8e","Fri Dec 13 2024 14:55:00 GMT+0300 (Arabian Standard Time)","Fri Dec 13 2024 14:52:00 GMT+0300 (Arabian Standard Time)","finished","Ending","22","Female","Civil Engineering","3","On-campus","In the dorm 
","2.51-3.00","Between 5-6 hours","2","15","3","8","Wrong solution of past exam questions. Insanely hard exams","0-3 Months","No, I do not plan to pursue further education.","Face-to-face","Abroad","Private Sector","Department's field sector","Havent decided yet","80","None","https://build.fillout.com/editor/kketM7hZoEus/results?sessionId=6e5223cc-760f-40bc-9942-01ad68c09d8e","459baf9e4a99e7c2312912a5a264a1a2"
"f651b41c-f370-45b6-bafa-a46d71fdd951","Fri Dec 13 2024 14:52:00 GMT+0300 (Arabian Standard Time)","Fri Dec 13 2024 14:47:00 GMT+0300 (Arabian Standard Time)","finished","Ending","19","Male
","Civil Engineering","1","On-campus","In the library","2.51-3.00","Between 6-7 hours","4","0","1","7","Hard midterms and high cyrve","0-3 Months","I am considering further education but haven’t decided yet.","Face-to-face","Open to both
","Private Sector","Department's field sector","Tokyo","128000","None","https://build.fillout.com/editor/kketM7hZoEus/results?sessionId=f651b41c-f370-45b6-bafa-a46d71fdd951","8158bcf592788dedd638ea4899fd2a86"
"ab581973-3344-4a37-9fce-0db1a217e3b9","Fri Dec 13 2024 09:21:00 GMT+0300 (Arabian Standard Time)","Fri Dec 13 2024 09:19:00 GMT+0300 (Arabian Standard Time)","finished","Ending","22","Male
","Industrial Engineering","4","With family
","At home","3.51-4.00","Between 7-8 hours
","","0","0","6","Too much coursework","0-3 Months","I am considering further education but haven’t decided yet.","Hybrid","Open to both
","Not sure yet","Different sector","Ankara İstanbul","70","None","https://build.fillout.com/editor/kketM7hZoEus/results?sessionId=ab581973-3344-4a37-9fce-0db1a217e3b9","8af44b400c323f62993adf35465db531"
"0b24d0ab-d6d6-4366-a284-54851fa09957","Fri Dec 13 2024 00:57:00 GMT+0300 (Arabian Standard Time)","Fri Dec 13 2024 00:53:00 GMT+0300 (Arabian Standard Time)","finished","Ending","26","Male
","Industrial Engineering","4","Student House","In the library","2.01-2.50","Between 6-7 hours","2","20","6","5","Inadequate teaching
Missing opportunities like summer school, after final exams","6-12 Months
","No, I do not plan to pursue further education.","Face-to-face","Open to both
","Private Sector","Not sure yet","Istanbul","40","None","https://build.fillout.com/editor/kketM7hZoEus/results?sessionId=0b24d0ab-d6d6-4366-a284-54851fa09957","6db01893a16bd214092050e7d61a0fb4"
"217d9948-0b2a-48f2-83e8-7127ea55cf02","Fri Dec 13 2024 00:33:00 GMT+0300 (Arabian Standard Time)","Fri Dec 13 2024 00:25:00 GMT+0300 (Arabian Standard Time)","finished","Ending","24","Male
","Industrial Engineering","4","On-campus","Study room or Cafe in campus","3.51-4.00","Between 6-7 hours","2","10","1","6","Very unnecessary assignments in departmental courses that are supposed to be simple and convenient","0-3 Months","No, I do not plan to pursue further education.","Hybrid","Turkey","Private Sector","Department's field sector","Kocaeli","60000","None","https://build.fillout.com/editor/kketM7hZoEus/results?sessionId=217d9948-0b2a-48f2-83e8-7127ea55cf02","d49f2eafa57f481f7a1d8e4a57e86456"
"566d1d6d-2a49-4594-ab44-14372057108c","Thu Dec 12 2024 20:58:00 GMT+0300 (Arabian Standard Time)","Thu Dec 12 2024 20:55:00 GMT+0300 (Arabian Standard Time)","finished","Ending","22","Male
","Industrial Engineering","4","Student House","Other","3.01-3.50","Between 5-6 hours","0","20","2","6","all of the classes except 2 or 3 of them","0-3 Months","Yes, I plan to pursue a Master's degree.","Hybrid","Open to both
","Private Sector","Department's field sector","doesnt matter","60","None","https://build.fillout.com/editor/kketM7hZoEus/results?sessionId=566d1d6d-2a49-4594-ab44-14372057108c","ad88e570ae124b2b9740e2aa56c92495"
"a51b1ade-9995-494a-a0cb-c05d56ffdaae","Thu Dec 12 2024 20:54:00 GMT+0300 (Arabian Standard Time)","Thu Dec 12 2024 20:51:00 GMT+0300 (Arabian Standard Time)","finished","Ending","22","Male
","Industrial Engineering","4","On-campus","Study room or Cafe in campus","3.01-3.50","Between 7-8 hours
","3","0","1","7","Unnecessary lecture topics and assignments ","0-3 Months","I am considering further education but haven’t decided yet.","Hybrid","Open to both
","Private Sector","Not sure yet","Not sure yet.","","None","https://build.fillout.com/editor/kketM7hZoEus/results?sessionId=a51b1ade-9995-494a-a0cb-c05d56ffdaae","68ecf059f0fce86da2e920a471ef2702"
"0532bfb0-70f6-4f50-b38e-20e7355a7fc9","Thu Dec 12 2024 17:45:00 GMT+0300 (Arabian Standard Time)","Thu Dec 12 2024 17:41:00 GMT+0300 (Arabian Standard Time)","finished","Ending","20","Male
","Industrial Engineering","3","On-campus","Study room or Cafe in campus","3.51-4.00","Between 7-8 hours
","1","0","3","8","İnternship opportunities are limited. I dont get the chance to discover work areas while studying.","0-3 Months","Yes, I plan to pursue a Master's degree.","Hybrid","Turkey","Academy","Department's field sector","Ankara","0","None","https://build.fillout.com/editor/kketM7hZoEus/results?sessionId=0532bfb0-70f6-4f50-b38e-20e7355a7fc9","ac67e447c30467710c4d053217c84b09"
"5660f45b-41b1-41a6-82b2-672c3cdff427","Thu Dec 12 2024 17:41:00 GMT+0300 (Arabian Standard Time)","Thu Dec 12 2024 17:37:00 GMT+0300 (Arabian Standard Time)","finished","Ending","22","Male
","Industrial Engineering","3","With family
","Study room or Cafe in campus","2.01-2.50","Less than 5 hours
","3","20","2","8","-","0-3 Months","No, I do not plan to pursue further education.","Hybrid","Turkey","Private Sector","Not sure yet","ANKARA","60","None","https://build.fillout.com/editor/kketM7hZoEus/results?sessionId=5660f45b-41b1-41a6-82b2-672c3cdff427","e5097bbef4553b1234789ae819b09843"
"b6f0ee94-5b72-49c0-af1c-42f17632c175","Thu Dec 12 2024 17:39:00 GMT+0300 (Arabian Standard Time)","Thu Dec 12 2024 17:36:00 GMT+0300 (Arabian Standard Time)","finished","Ending","23","Female","Industrial Engineering","4","Student House","In the library","3.01-3.50","Between 6-7 hours","3","5","2","8","professors","0-3 Months","Yes, I plan to pursue a Master's degree.","Hybrid","Open to both
","Not sure yet","Department's field sector","mi","60000","None","https://build.fillout.com/editor/kketM7hZoEus/results?sessionId=b6f0ee94-5b72-49c0-af1c-42f17632c175","869f15ede46f3d0a1d17338d5aa798fc"
"0189e917-4836-43c1-a887-8dc660080427","Thu Dec 12 2024 17:39:00 GMT+0300 (Arabian Standard Time)","Thu Dec 12 2024 17:35:00 GMT+0300 (Arabian Standard Time)","finished","Ending","19","Female","Industrial Engineering","2","With family
","Study room or Cafe in campus","3.51-4.00","Between 6-7 hours","5","8","3","8","High curve ","0-3 Months","I am considering further education but haven’t decided yet.","Face-to-face","Turkey","Private Sector","Department's field sector","Ankara","120","None","https://build.fillout.com/editor/kketM7hZoEus/results?sessionId=0189e917-4836-43c1-a887-8dc660080427","e265f17d75e940139b73ee48bf8179a6"
"c75b5e29-c5eb-4794-acfa-12477f059984","Thu Dec 12 2024 17:38:00 GMT+0300 (Arabian Standard Time)","Thu Dec 12 2024 17:36:00 GMT+0300 (Arabian Standard Time)","finished","Ending","22","Male
","Industrial Engineering","4","Student House","At home","2.51-3.00","Between 7-8 hours
","5","16","4","4","Not having the motivation to study","0-3 Months","No, I do not plan to pursue further education.","Hybrid","Turkey","Private Sector","Department's field sector","Ankara","60","None","https://build.fillout.com/editor/kketM7hZoEus/results?sessionId=c75b5e29-c5eb-4794-acfa-12477f059984","49a08ec420d084d6baa5828b0304623c"
"25c30879-703e-4a7d-b013-98dadd9273aa","Thu Dec 12 2024 17:38:00 GMT+0300 (Arabian Standard Time)","Thu Dec 12 2024 17:36:00 GMT+0300 (Arabian Standard Time)","finished","Ending","23","Female","Industrial Engineering","4","Student House","At home","3.01-3.50","Between 8-9 hours","3","4","2","9","","3-6 Months","Yes, I plan to pursue a Master's degree.","Hybrid","Turkey","Private Sector","Not sure yet","Ankara","3000","None","https://build.fillout.com/editor/kketM7hZoEus/results?sessionId=25c30879-703e-4a7d-b013-98dadd9273aa","6403b659e010ff1cd58f79e80a2518c6"
"e5e45d73-0671-4c14-944f-380ccc1e1426","Thu Dec 12 2024 17:38:00 GMT+0300 (Arabian Standard Time)","Thu Dec 12 2024 17:35:00 GMT+0300 (Arabian Standard Time)","finished","Ending","21","Female","Industrial Engineering","2","On-campus","In the dorm 
","2.01-2.50","Between 7-8 hours
","4","3","2","6","Not having dicipline","0-3 Months","No, I do not plan to pursue further education.","Hybrid","Abroad","Private Sector","Different sector","Milan","60","None","https://build.fillout.com/editor/kketM7hZoEus/results?sessionId=e5e45d73-0671-4c14-944f-380ccc1e1426","1a04d449f2e4b50260fd388938359abb"
"893505d5-edd5-45d9-a94c-1f8b212be897","Thu Dec 12 2024 17:37:00 GMT+0300 (Arabian Standard Time)","Thu Dec 12 2024 17:36:00 GMT+0300 (Arabian Standard Time)","finished","Ending","21","Male
","Industrial Engineering","4","On-campus","Study room or Cafe in campus","2.51-3.00","Between 7-8 hours
","5","0","0.2","8","None","0-3 Months","I am considering further education but haven’t decided yet.","Hybrid","Abroad","Private Sector","Department's field sector","Baku","50000","None","https://build.fillout.com/editor/kketM7hZoEus/results?sessionId=893505d5-edd5-45d9-a94c-1f8b212be897","fa25144ed418d1c5d7b14d4a3b5a9fcc"
"37fac066-9dd5-48b9-b142-ceab19a925b8","Thu Dec 12 2024 17:36:00 GMT+0300 (Arabian Standard Time)","Thu Dec 12 2024 17:35:00 GMT+0300 (Arabian Standard Time)","finished","Ending","20","Female","Industrial Engineering","2","With family
","Study room or Cafe in campus","2.51-3.00","Between 5-6 hours","0","0","2","8","","6-12 Months
","I am considering further education but haven’t decided yet.","Face-to-face","Turkey","Private Sector","Department's field sector","Ankara","50000","None","https://build.fillout.com/editor/kketM7hZoEus/results?sessionId=37fac066-9dd5-48b9-b142-ceab19a925b8","56da96e65beb1260d8dcc1989e4b527c"
"dc33fdeb-b7b8-4981-9c55-4614175a5b34","Thu Dec 12 2024 17:05:00 GMT+0300 (Arabian Standard Time)","Thu Dec 12 2024 16:54:00 GMT+0300 (Arabian Standard Time)","finished","Ending","27","Male
","Civil Engineering","4","On-campus","In the dorm 
","I don't have a GPA yet","Between 5-6 hours","2.5","0","1","9","Connection to industry ","0-3 Months","I am considering further education but haven’t decided yet.","Hybrid","Open to both
","Not sure yet","Not sure yet","Germany","25000","None","https://build.fillout.com/editor/kketM7hZoEus/results?sessionId=dc33fdeb-b7b8-4981-9c55-4614175a5b34","fae45d173891a14afeb42ce99a822b20"
"ec85e01b-637a-418f-b503-80a8d0dde48b","Thu Dec 12 2024 17:03:00 GMT+0300 (Arabian Standard Time)","Thu Dec 12 2024 16:54:00 GMT+0300 (Arabian Standard Time)","finished","Ending","19","Male
","Electrical and Electronics Engineering
","1","On-campus","In the dorm 
","I don't have a GPA yet","Between 6-7 hours","0","0","0","8","Life conditions","0-3 Months","I am considering further education but haven’t decided yet.","Hybrid","Open to both
","Private Sector","Department's field sector","Ankara","100","None","https://build.fillout.com/editor/kketM7hZoEus/results?sessionId=ec85e01b-637a-418f-b503-80a8d0dde48b","c977c476e7f149f91a711134183d959d"
"91e7b907-c049-45de-864e-b026919cb4f9","Thu Dec 12 2024 17:02:00 GMT+0300 (Arabian Standard Time)","Thu Dec 12 2024 16:57:00 GMT+0300 (Arabian Standard Time)","finished","Ending","21","Male
","Metallurgical and Materials Engineering
","2","On-campus","Study room or Cafe in campus","2.01-2.50","Between 8-9 hours","5","0","0","6","Mentally tired ","3-6 Months","No, I do not plan to pursue further education.","Hybrid","Abroad","Not sure yet","Not sure yet","Ankara","40000","None","https://build.fillout.com/editor/kketM7hZoEus/results?sessionId=91e7b907-c049-45de-864e-b026919cb4f9","12991a8b1de15cbba971aea7b0ec5a08"
"bdc8b504-fa57-43c1-973e-cf91cc209b3e","Thu Dec 12 2024 17:00:00 GMT+0300 (Arabian Standard Time)","Thu Dec 12 2024 16:58:00 GMT+0300 (Arabian Standard Time)","finished","Ending","22","Female","Chemical Engineering
","3","Student House","In the library","2.01-2.50","Between 8-9 hours","1","0","4","6","","0-3 Months","Yes, I plan to pursue a Master's degree.","Hybrid","Open to both
","Private Sector","Department's field sector","Kocaeli","60000","None","https://build.fillout.com/editor/kketM7hZoEus/results?sessionId=bdc8b504-fa57-43c1-973e-cf91cc209b3e","f5d688c3c9046ccaa7e1df1a167c9d02"
"a03b2bee-ca9c-45fd-a9cd-997ed03ca9af","Thu Dec 12 2024 16:59:00 GMT+0300 (Arabian Standard Time)","Thu Dec 12 2024 16:57:00 GMT+0300 (Arabian Standard Time)","finished","Ending","22","Male
","Metallurgical and Materials Engineering
","2","On-campus","In the library","2.51-3.00","Between 6-7 hours","1","2","1","7","Government","3-6 Months","I am considering further education but haven’t decided yet.","Face-to-face","Turkey","Private Sector","Department's field sector","Ankara","100000","None","https://build.fillout.com/editor/kketM7hZoEus/results?sessionId=a03b2bee-ca9c-45fd-a9cd-997ed03ca9af","c20ca6e4cbd9e10001899f37f0f5529e"
"aa10f809-0db0-47ee-b4f8-aa2a26579eed","Thu Dec 12 2024 16:59:00 GMT+0300 (Arabian Standard Time)","Thu Dec 12 2024 16:55:00 GMT+0300 (Arabian Standard Time)","finished","Ending","20","Male
","Mechanical Engineering
","Prepatory","On-campus","In the dorm 
","I don't have a GPA yet","Between 8-9 hours","7","0","0","6","None","0-3 Months","No, I do not plan to pursue further education.","Hybrid","Abroad","Not sure yet","Department's field sector","Osaka","80000","None","https://build.fillout.com/editor/kketM7hZoEus/results?sessionId=aa10f809-0db0-47ee-b4f8-aa2a26579eed","bbbc018eb788d3a85a3ec02c351f705f"
"39998e0a-8110-466a-aa13-6d682c240eb9","Thu Dec 12 2024 16:59:00 GMT+0300 (Arabian Standard Time)","Thu Dec 12 2024 16:54:00 GMT+0300 (Arabian Standard Time)","finished","Ending","22","Male
","Civil Engineering","4","On-campus","In the library","2.51-3.00","Between 7-8 hours
","7","0","3","7","Connection with the industry","1-2 Years","I am considering further education but haven’t decided yet.","Face-to-face","Open to both
","Public Sector","Not sure yet","Yalovo","25000","None","https://build.fillout.com/editor/kketM7hZoEus/results?sessionId=39998e0a-8110-466a-aa13-6d682c240eb9","a6a2158222ed8246026eca834b953140"
"928fcc9f-c35e-4d8d-b0f1-00beebca0d2e","Thu Dec 12 2024 16:58:00 GMT+0300 (Arabian Standard Time)","Thu Dec 12 2024 16:53:00 GMT+0300 (Arabian Standard Time)","finished","Ending","18","Male
","Metallurgical and Materials Engineering
","Prepatory","On-campus","In the dorm 
","I don't have a GPA yet","Between 7-8 hours
","5","0","0","8","Society","6-12 Months
","I am considering further education but haven’t decided yet.","Face-to-face","Open to both
","Not sure yet","Department's field sector","Wherever in the netherlands","40","None","https://build.fillout.com/editor/kketM7hZoEus/results?sessionId=928fcc9f-c35e-4d8d-b0f1-00beebca0d2e","ae525aecbc1308ce177a9cf88d2ee614"
"19c1a36f-6e62-4afb-9f75-4b743acd3fd5","Thu Dec 12 2024 16:57:00 GMT+0300 (Arabian Standard Time)","Thu Dec 12 2024 16:53:00 GMT+0300 (Arabian Standard Time)","finished","Ending","23","Female","Environmental Engineering","2","On-campus","In the dorm 
","I don't have a GPA yet","Between 8-9 hours","3","0","0","7","adhd","0-3 Months","I am considering further education but haven’t decided yet.","Hybrid","Abroad","Not sure yet","Department's field sector","hamburg","20000","None","https://build.fillout.com/editor/kketM7hZoEus/results?sessionId=19c1a36f-6e62-4afb-9f75-4b743acd3fd5","d7a76f75a8ff0a5aa90d94fd500b0928"
"01c8f102-7f6b-4554-bf94-cf36bdbd6237","Thu Dec 12 2024 16:57:00 GMT+0300 (Arabian Standard Time)","Thu Dec 12 2024 16:53:00 GMT+0300 (Arabian Standard Time)","finished","Ending","24","Male
","Mining Engineering","3","With family
","In the library","0-2.00","Between 6-7 hours","6","0","3","10","Private Problems","0-3 Months","I am considering further education but haven’t decided yet.","Face-to-face","Open to both
","Private Sector","Department's field sector","Ankara","60000","None","https://build.fillout.com/editor/kketM7hZoEus/results?sessionId=01c8f102-7f6b-4554-bf94-cf36bdbd6237","9f9bc95da37f921c90392113e904f884"
"0b8aac2a-98ea-483e-a9dc-ea27fd67caf9","Thu Dec 12 2024 16:57:00 GMT+0300 (Arabian Standard Time)","Thu Dec 12 2024 16:52:00 GMT+0300 (Arabian Standard Time)","finished","Ending","21","Male
","Aerospace Engineering
","3","On-campus","Study room or Cafe in campus","3.01-3.50","Between 7-8 hours
","0","0","2","8","Can not be stay focused to much time","0-3 Months","I am considering further education but haven’t decided yet.","Face-to-face","Open to both
","Not sure yet","Department's field sector","İstanbul or Ankara","45000","None","https://build.fillout.com/editor/kketM7hZoEus/results?sessionId=0b8aac2a-98ea-483e-a9dc-ea27fd67caf9","863215bcc9b33d1198186bad4c79188f"
"bbe1ce29-9485-4fd1-a127-865cdc161fe2","Thu Dec 12 2024 16:56:00 GMT+0300 (Arabian Standard Time)","Thu Dec 12 2024 16:53:00 GMT+0300 (Arabian Standard Time)","finished","Ending","23","Male
","Mining Engineering","3","With family
","In the library","2.01-2.50","Between 6-7 hours","5","0","2","10","Economy","0-3 Months","I am considering further education but haven’t decided yet.","Face-to-face","Open to both
","Private Sector","Department's field sector","Ankara","60","None","https://build.fillout.com/editor/kketM7hZoEus/results?sessionId=bbe1ce29-9485-4fd1-a127-865cdc161fe2","2ef8e0205236298c317c8ae6be5552e3"
"f802bc5f-1ee2-4f56-82ba-023da34a1b7b","Thu Dec 12 2024 16:55:00 GMT+0300 (Arabian Standard Time)","Thu Dec 12 2024 16:53:00 GMT+0300 (Arabian Standard Time)","finished","Ending","22","Male
","Civil Engineering","1","Student House","In the library","0-2.00","Between 7-8 hours
","","0","","2","Anxiety for future","3-6 Months","I am considering further education but haven’t decided yet.","Face-to-face","Open to both
","Private Sector","Department's field sector","Ankara","30000","None","https://build.fillout.com/editor/kketM7hZoEus/results?sessionId=f802bc5f-1ee2-4f56-82ba-023da34a1b7b","2bd54acf0db51bff76e7140f84da7307"
"49caecf8-30e1-43f7-bf0f-770c606e3e68","Thu Dec 12 2024 16:55:00 GMT+0300 (Arabian Standard Time)","Thu Dec 12 2024 16:50:00 GMT+0300 (Arabian Standard Time)","finished","Ending","18","Male
","Mechanical Engineering
","Prepatory","With family
","At home","I don't have a GPA yet","Between 5-6 hours","5","0","3","8","Myself","0-3 Months","I am considering further education but haven’t decided yet.","Face-to-face","Open to both
","Private Sector","Department's field sector","Ankara","90","None","https://build.fillout.com/editor/kketM7hZoEus/results?sessionId=49caecf8-30e1-43f7-bf0f-770c606e3e68","50c401dad8d684c3c7d439af68f537ae"
"430644f4-099f-44a2-b32c-ee2545bbfe48","Thu Dec 12 2024 16:54:00 GMT+0300 (Arabian Standard Time)","Thu Dec 12 2024 16:50:00 GMT+0300 (Arabian Standard Time)","finished","Ending","18","Male
","Mechanical Engineering
","Prepatory","On-campus","At home","I don't have a GPA yet","More than 9 hours","8","0","0","9","Economy","0-3 Months","Yes, I plan to pursue a Master's degree.","Hybrid","Abroad","Private Sector","Not sure yet","Berlin","54000","None","https://build.fillout.com/editor/kketM7hZoEus/results?sessionId=430644f4-099f-44a2-b32c-ee2545bbfe48","6395affb6b801c96b4d776dd177d958a"
"3474b3c9-4ab1-4028-8cfd-067dc0d6c787","Thu Dec 12 2024 16:54:00 GMT+0300 (Arabian Standard Time)","Thu Dec 12 2024 16:52:00 GMT+0300 (Arabian Standard Time)","finished","Ending","21","Male
","Industrial Engineering","1","On-campus","In the library","I don't have a GPA yet","Between 7-8 hours
","10","20","0","1",".","0-3 Months","Yes, I plan to pursue a Master's degree.","Face-to-face","Turkey","Private Sector","Different sector","Istanbul","60000","None","https://build.fillout.com/editor/kketM7hZoEus/results?sessionId=3474b3c9-4ab1-4028-8cfd-067dc0d6c787","bbb91c7b551d7c4a3545671f9e2946eb"
"5a3aa642-d27e-47bf-aa32-0cced0dbfa19","Thu Dec 12 2024 15:58:00 GMT+0300 (Arabian Standard Time)","Thu Dec 12 2024 15:56:00 GMT+0300 (Arabian Standard Time)","finished","Ending","21","Female","Computer Engineering","3","On-campus","Study room or Cafe in campus","2.01-2.50","Between 6-7 hours","2","10","1","7","Odtü","0-3 Months","No, I do not plan to pursue further education.","Face-to-face","Open to both
","Private Sector","Department's field sector","Ankara","45000","None","https://build.fillout.com/editor/kketM7hZoEus/results?sessionId=5a3aa642-d27e-47bf-aa32-0cced0dbfa19","62d344360c18ebd75ea8e878df9335e1"
"01f1c997-c74a-4fe6-8fa7-26acb7b9c72b","Wed Dec 11 2024 23:11:00 GMT+0300 (Arabian Standard Time)","Wed Dec 11 2024 23:09:00 GMT+0300 (Arabian Standard Time)","finished","Ending","22","Male
","Aerospace Engineering
","4","On-campus","In the dorm 
","3.01-3.50","Between 7-8 hours
","3","0","2","7","","0-3 Months","Yes, I plan to pursue a Master's degree.","Face-to-face","Turkey","Private Sector","Department's field sector","Ankara ","60","None","https://build.fillout.com/editor/kketM7hZoEus/results?sessionId=01f1c997-c74a-4fe6-8fa7-26acb7b9c72b","07704f2046612a6821b41244f6b62f9c"
"40042b1d-948d-4686-9384-f07699b127c7","Wed Dec 11 2024 18:27:00 GMT+0300 (Arabian Standard Time)","Wed Dec 11 2024 18:25:00 GMT+0300 (Arabian Standard Time)","finished","Ending","22","Female","Metallurgical and Materials Engineering
","4","On-campus","In the library","3.01-3.50","Between 7-8 hours
","0","","","8","","3-6 Months","Yes, I plan to pursue a Master's degree.","Hybrid","Abroad","Not sure yet","Not sure yet","Istanbul","100","None","https://build.fillout.com/editor/kketM7hZoEus/results?sessionId=40042b1d-948d-4686-9384-f07699b127c7","4844d9dbca3ebafb19b34784b2538950"
"f91aace4-21e7-4417-9ebf-69f4c8630e56","Wed Dec 11 2024 18:26:00 GMT+0300 (Arabian Standard Time)","Wed Dec 11 2024 18:24:00 GMT+0300 (Arabian Standard Time)","finished","Ending","20","Male
","Civil Engineering","1","KYK","In the library","0-2.00","Between 7-8 hours
","8","0","","6","Lectures ","0-3 Months","No, I do not plan to pursue further education.","Face-to-face","Abroad","Private Sector","Different sector","Dubai","70","None","https://build.fillout.com/editor/kketM7hZoEus/results?sessionId=f91aace4-21e7-4417-9ebf-69f4c8630e56","f822a8e4c7d0f0cce3de2f4b6c668ebb"
"ee703619-2543-4fb6-8ff6-3ae6a4ab0768","Wed Dec 11 2024 18:00:00 GMT+0300 (Arabian Standard Time)","Wed Dec 11 2024 17:50:00 GMT+0300 (Arabian Standard Time)","finished","Ending","21","Male
","Mechanical Engineering
","3","On-campus","Study room or Cafe in campus","3.51-4.00","Between 7-8 hours
","0","0","1","7","Distractive people","0-3 Months","I am considering further education but haven’t decided yet.","Face-to-face","Turkey","Private Sector","Department's field sector","Ankara","60","None","https://build.fillout.com/editor/kketM7hZoEus/results?sessionId=ee703619-2543-4fb6-8ff6-3ae6a4ab0768","ce637c622d59e19ec6e2cac59e52e616"
"11178e62-7d1c-40a6-abe7-43c24d3a3c32","Wed Dec 11 2024 17:51:00 GMT+0300 (Arabian Standard Time)","Wed Dec 11 2024 17:49:00 GMT+0300 (Arabian Standard Time)","finished","Ending","22","Male
","Civil Engineering","3","With family
","In the library","0-2.00","Between 6-7 hours","5","10","2","5","Myself","3-6 Months","Yes, I plan to pursue a Master's degree.","Face-to-face","Open to both
","Private Sector","Department's field sector","St Petersburg","","None","https://build.fillout.com/editor/kketM7hZoEus/results?sessionId=11178e62-7d1c-40a6-abe7-43c24d3a3c32","1fd1cd88b000619ef8e6790e7c0cb750"
"c37eb355-16e0-4a69-aeab-c81fb21c9cf5","Wed Dec 11 2024 17:48:00 GMT+0300 (Arabian Standard Time)","Wed Dec 11 2024 17:44:00 GMT+0300 (Arabian Standard Time)","finished","Ending","23","Male
","Petroleum and Natural Gas Engineering","2","Student House","In the library","0-2.00","Between 5-6 hours","1","0","1","9","Not being able to focus entirely on studies, financial issues","1-2 Years","Yes, I plan to pursue a Master's degree.","Hybrid","Open to both
","Private Sector","Department's field sector","Ankara","130","None","https://build.fillout.com/editor/kketM7hZoEus/results?sessionId=c37eb355-16e0-4a69-aeab-c81fb21c9cf5","7242f91248a4fce8989684f206c8b760"
"34f8ae0e-7132-4c2e-9752-38c0bab7da07","Tue Dec 10 2024 22:01:00 GMT+0300 (Arabian Standard Time)","Tue Dec 10 2024 21:59:00 GMT+0300 (Arabian Standard Time)","finished","Ending","24","Male
","Electrical and Electronics Engineering
","4","Student House","Other","2.01-2.50","Between 8-9 hours","0","15","3","7","Yok","0-3 Months","Yes, I plan to pursue a Master's degree.","Remote","Abroad","Private Sector","Department's field sector","Samsun","60","None","https://build.fillout.com/editor/kketM7hZoEus/results?sessionId=34f8ae0e-7132-4c2e-9752-38c0bab7da07","30acb28164491db3102cec270ba2b2a8"
"8fe8db6c-98bb-4dfa-ad2b-e7fa4d8f1c10","Tue Dec 10 2024 21:59:00 GMT+0300 (Arabian Standard Time)","Tue Dec 10 2024 21:56:00 GMT+0300 (Arabian Standard Time)","finished","Ending","22","Male
","Computer Engineering","3","On-campus","Study room or Cafe in campus","3.01-3.50","Between 8-9 hours","0","0.5","0","7","Dil yetersizliği","0-3 Months","Yes, I plan to pursue a Master's degree.","Hybrid","Abroad","Private Sector","Department's field sector","İstanbul ","85","None","https://build.fillout.com/editor/kketM7hZoEus/results?sessionId=8fe8db6c-98bb-4dfa-ad2b-e7fa4d8f1c10","30acb28164491db3102cec270ba2b2a8"
"6dbcd023-05a5-42f2-827e-17ff2c8ce77d","Tue Dec 10 2024 21:56:00 GMT+0300 (Arabian Standard Time)","Tue Dec 10 2024 21:54:00 GMT+0300 (Arabian Standard Time)","finished","Ending","24","Male
","Electrical and Electronics Engineering
","4","Student House","Other","3.01-3.50","Between 6-7 hours","6","0","0.5","8","Az pozisyon açılması","0-3 Months","Yes, I plan to pursue a Master's degree.","Hybrid","Turkey","Private Sector","Department's field sector","İstanbul ","80","None","https://build.fillout.com/editor/kketM7hZoEus/results?sessionId=6dbcd023-05a5-42f2-827e-17ff2c8ce77d","30acb28164491db3102cec270ba2b2a8"
"d505bf71-61f4-414d-b062-363c01d73dd8","Tue Dec 10 2024 21:53:00 GMT+0300 (Arabian Standard Time)","Tue Dec 10 2024 21:51:00 GMT+0300 (Arabian Standard Time)","finished","Ending","21","Male
","Computer Engineering","3","Student House","In the library","2.51-3.00","Between 8-9 hours","0","20","0.5","6","Ders yoğunluğu ","0-3 Months","No, I do not plan to pursue further education.","Remote","Abroad","Private Sector","Department's field sector","İstanbul ","80","None","https://build.fillout.com/editor/kketM7hZoEus/results?sessionId=d505bf71-61f4-414d-b062-363c01d73dd8","30acb28164491db3102cec270ba2b2a8"
"3b841395-8699-4790-b6ad-d7fd107ba557","Tue Dec 10 2024 21:50:00 GMT+0300 (Arabian Standard Time)","Tue Dec 10 2024 21:47:00 GMT+0300 (Arabian Standard Time)","finished","Ending","22","Female","Electrical and Electronics Engineering
","4","With family
","In the library","3.01-3.50","Between 6-7 hours","0","0","0.5","10","Ekonomi, güçsüz pasaport","0-3 Months","Yes, I plan to pursue a Master's degree.","Face-to-face","Abroad","Private Sector","Department's field sector","Ankara ","51","None","https://build.fillout.com/editor/kketM7hZoEus/results?sessionId=3b841395-8699-4790-b6ad-d7fd107ba557","30acb28164491db3102cec270ba2b2a8"
"ee6db81c-3954-4e60-9aed-39ce8100cc10","Tue Dec 10 2024 21:48:00 GMT+0300 (Arabian Standard Time)","Tue Dec 10 2024 21:43:00 GMT+0300 (Arabian Standard Time)","finished","Ending","22","Female","Industrial Engineering","3","With family
","In the library","2.51-3.00","Between 5-6 hours","0","0","2.5","8","Ulaşım, ekonomi ve liyakatsizlik.","0-3 Months","No, I do not plan to pursue further education.","Hybrid","Abroad","Public Sector","Department's field sector","İstanbul","51","None","https://build.fillout.com/editor/kketM7hZoEus/results?sessionId=ee6db81c-3954-4e60-9aed-39ce8100cc10","9ef1a744e787c80b89cd955c6ca3da0b"
"de1a948c-fdf4-4717-b7d3-3f1cd3208f2b","Tue Dec 10 2024 21:46:00 GMT+0300 (Arabian Standard Time)","Tue Dec 10 2024 21:43:00 GMT+0300 (Arabian Standard Time)","finished","Ending","23","Female","Industrial Engineering","3","With family
","In the library","2.51-3.00","Less than 5 hours
","0","15","4","9","Maddiyat, cinsiyet ayrımcılığı, ulaşım","0-3 Months","Yes, I plan to pursue a Master's degree.","Hybrid","Abroad","Private Sector","Department's field sector","Ankara ","32","None","https://build.fillout.com/editor/kketM7hZoEus/results?sessionId=de1a948c-fdf4-4717-b7d3-3f1cd3208f2b","30acb28164491db3102cec270ba2b2a8"
"f9e3ae09-94c2-4e4f-8633-840ed72d6e6e","Tue Dec 10 2024 21:42:00 GMT+0300 (Arabian Standard Time)","Tue Dec 10 2024 21:40:00 GMT+0300 (Arabian Standard Time)","finished","Ending","20","Female","Industrial Engineering","3","On-campus","In the library","2.51-3.00","Between 7-8 hours
","0","0","0","8","Liyakatsizlik.","3-6 Months","Yes, I plan to pursue a Master's degree.","Face-to-face","Not sure yet","Public Sector","Department's field sector","Ankara","35","None","https://build.fillout.com/editor/kketM7hZoEus/results?sessionId=f9e3ae09-94c2-4e4f-8633-840ed72d6e6e","9ef1a744e787c80b89cd955c6ca3da0b"
"e4a3bcdf-e648-4c99-8a35-8b028442929c","Tue Dec 10 2024 21:40:00 GMT+0300 (Arabian Standard Time)","Tue Dec 10 2024 21:36:00 GMT+0300 (Arabian Standard Time)","finished","Ending","21","Male
","Industrial Engineering","2","Student House","In the library","2.01-2.50","Between 6-7 hours","0","25","4","6","Yok.","0-3 Months","No, I do not plan to pursue further education.","Hybrid","Abroad","Private Sector","Department's field sector","Eskişehir ","40","None","https://build.fillout.com/editor/kketM7hZoEus/results?sessionId=e4a3bcdf-e648-4c99-8a35-8b028442929c","9ef1a744e787c80b89cd955c6ca3da0b"
"712a9326-2402-4d2a-b6dd-4654a09477d4","Tue Dec 10 2024 21:40:00 GMT+0300 (Arabian Standard Time)","Tue Dec 10 2024 21:36:00 GMT+0300 (Arabian Standard Time)","finished","Ending","21","Female","Industrial Engineering","3","Student House","In the library","2.51-3.00","Between 6-7 hours","0","20","4","8","Ulaşım, cinsiyet ayrımcılığı, mobbing, kaynak yetersizliği","0-3 Months","Yes, I plan to pursue a Master's degree.","Face-to-face","Abroad","Private Sector","Department's field sector","İstanbul ","34","None","https://build.fillout.com/editor/kketM7hZoEus/results?sessionId=712a9326-2402-4d2a-b6dd-4654a09477d4","30acb28164491db3102cec270ba2b2a8"
"5ef7976d-a2e3-4d50-99ed-81a97b8499f1","Tue Dec 10 2024 21:36:00 GMT+0300 (Arabian Standard Time)","Tue Dec 10 2024 21:32:00 GMT+0300 (Arabian Standard Time)","finished","Ending","19","Male
","Electrical and Electronics Engineering
","1","On-campus","Other","I don't have a GPA yet","Between 6-7 hours","4","20","3","4","Barınma şartları.","0-3 Months","Yes, I plan to pursue a Master's degree.","Remote","Abroad","Private Sector","Department's field sector","İstanbul","50","None","https://build.fillout.com/editor/kketM7hZoEus/results?sessionId=5ef7976d-a2e3-4d50-99ed-81a97b8499f1","9ef1a744e787c80b89cd955c6ca3da0b"
"767bcf65-e7cd-4ea1-b25a-198464de31fa","Tue Dec 10 2024 21:35:00 GMT+0300 (Arabian Standard Time)","Tue Dec 10 2024 21:32:00 GMT+0300 (Arabian Standard Time)","finished","Ending","22","Male
","Electrical and Electronics Engineering
","4","On-campus","In the library","2.51-3.00","Between 6-7 hours","5","0","2","6","Yok","0-3 Months","Yes, I plan to pursue a Master's degree.","Remote","Abroad","Private Sector","Department's field sector","Adana","100","None","https://build.fillout.com/editor/kketM7hZoEus/results?sessionId=767bcf65-e7cd-4ea1-b25a-198464de31fa","30acb28164491db3102cec270ba2b2a8"
"8d90a84d-b802-464c-b591-67c7d05d4247","Tue Dec 10 2024 21:28:00 GMT+0300 (Arabian Standard Time)","Tue Dec 10 2024 21:26:00 GMT+0300 (Arabian Standard Time)","finished","Ending","21","Male
","Computer Engineering","3","On-campus","Study room or Cafe in campus","2.51-3.00","More than 9 hours","1","15","0","8","Yok.","0-3 Months","Yes, I plan to pursue a Master's degree.","Hybrid","Open to both
","Public Sector","Department's field sector","Ankara","70","None","https://build.fillout.com/editor/kketM7hZoEus/results?sessionId=8d90a84d-b802-464c-b591-67c7d05d4247","9ef1a744e787c80b89cd955c6ca3da0b"